Hot,Name,Title,Description,Price,Stock,SEO Title,SEO Description,SEO Keywords,
"Не знаешь, что подарить ей, чтобы это действительно запомнилось? Элегантная дамская сумка — подарок, который говорит о вкусе и внимании без лишних слов.",handbag_black,Дамская сумка черная. Клатч,"Неповторимая красота! Эта марокканская сумка-кошелек из натуральной кожи — настоящий шедевр ручной работы. Каждое изделие, созданное в сердце Феса, наполнено характером и теплом североафриканских волн. Черный цвет добавляет загадки, а бронзовая застежка — элегантности. Она станет вашим универсальным спутником, подходя к любому стилю и возрасту. Уже в России, готова к отправке!",4500,1,Элегантный черный кожаный кошелек с тиснением из Феса,Изучите изысканный черный кошелек с антикварным тиснением и бронзовой застежкой. Идеален для повседневного использования.,"кошелек, черный, кожа, тиснение, антикварный, элегантный, Фес, аксессуар, женская рука, стиль",
"Лучший подарок для своей второй половинки — тот, который она будет носить каждый день. И каждый раз вспоминать о тебе.",handbag_BW,Клатч. Дамская сумка черная с белыми швами.,"Ощути магию! Этот потрясающий клатч из натуральной кожи — это не просто вещь, а настоящий шедевр, созданный руками марокканских мастеров. Каждый шов и каждый узор рассказывают свою историю, впитывая в себя атмосферу ярких улиц и тёплых ветров Атлантики. Универсальный дизайн подходит для любого возраста и стиля: от casual до вечернего выхода. Он уже в России и ждет своего нового хозяина — не упустите шанс!",3500,1,Элегантный черный кожаный кошелек ручной работы из Феса,"Уникальный кошелек из натуральной кожи с тиснением, выполненный вручную. Откройте для себя стиль и качество этого изысканного аксессуара.","кошелек, клатч, натуральная кожа, ручная работа, Фес, тиснение, элегантность, аксессуар, стиль",
Хочешь по-настоящему удивить любимую? Забудь банальные подарки — стильная сумка всегда в точку.,ladysbag_black,Сумка женская кроссбоди из натуральной кожи в стиле бохо черная. Дубовый лист.,"Уникальность в каждой детали! Эта мини-сумка из Марокко — не просто аксессуар, а настоящее произведение искусства. Ручная работа, насыщенные коричневые оттенки кожи и строгие линии делают её идеальным спутником в любых ситуациях. Привнесите атмосферу Северной Африки в свой стиль! Уже в России — ждет именно вас!",7500,1,Кожаная мини-сумка с восточным тиснением для стильного образа,"Уникальная кожаная сумка с декоративной крышкой и ручной отделкой. Откройте для себя стильный аксессуар, который подчеркнет вашу индивидуальность.","кожаная сумка, мини-сумка, восточное тиснение, аксессуар, ручная работа, стильный дизайн, уникальность, экологичность, натуральные материалы",
"Подарок, который не завянет и не закончится. Качественная дамская сумка — знак заботы и уважения.",ladysbag_brownlaser,Сумка женская кроссбоди из натуральной кожи в стиле бохо коричневая с вырезами.,"Необыкновенная красота! Эта мини-сумка из натуральной кожи — результат истинного мастерства марокканских ремесленников. Каждый экземпляр уникален, наполнен духом Северной Африки и энергией Атлантики. Тёплый коричневый цвет с изысканным тиснением идеально дополняет любой наряд. Компактная и практичная, сумка станет незаменимым аксессуаром для людей всех возрастов. Уже в России и ждет вашего внимания!",7500,1,женская кожаная мини-сумка с ручным тиснением,Эта мини-сумка из натуральной кожи с уникальным тиснением станет вашим идеальным аксессуаром для стильных прогулок.,"кожаная сумка, мини-сумка, ручная работа, тиснение, винтажный стиль, аксессуар, уют, стиль",
Когда хочется сказать «ты для меня особенная» без слов. Правильный аксессуар сделает это за тебя.,ladysbag_yellow,Сумка женская кроссбоди из натуральной кожи в стиле бохо жёлтая.,"Солнце в руках! Яркая марокканская сумка из натуральной кожи — это не просто аксессуар, а отражение вашей индивидуальности. Каждый экземпляр уникален, созданный вручную мастерами, которые вложили в него частичку своей души. Глубокие оттенки желтого и теплые текстуры напомнят о солнечных днях на побережье Атлантики. Она легко впишется в любой образ и подойдет людям любого возраста. У нас в России уже есть эта красота, и она готова стать вашим верным спутником!",7500,1,Яркая желтая кожаная сумка с узорчатой вышивкой для прогулок,Уникальная кожаная сумка жёлтого цвета с интересной формой и узорами. Идеальный аксессуар для летних прогулок на свежем воздухе.,"кожаная сумка, желтая сумка, аксессуар, ручная работа, узоры, летние прогулки, стиль, природа, уют","Натуральная кожа, ручная работа, изготовлено в городе Фес, Марокко, Северная Африка. В наличии в России."
Сделай подарок себе — просто потому что ты этого достойна. Иногда лучший повод — это ты сама.,makeup_brown,Косметичка с двумя отсеками и ручкой.,"Уникальность в каждой детали! Эта марокканская сумка из натуральной кожи — воплощение традиционного мастерства, где каждый стежок несет историю. Теплые коричневые оттенки словно отражают яркость Атлантики, создавая настроение Северной Африки. Практичная и универсальная, она идеально дополнит любой образ. Уже в наличии в России — готова стать вашим надежным спутником!",4950,1,Кожаная косметичка ручной работы из Марокко,Откройте для себя уникальную косметичку из гладкой коричневой кожи с декоративной строчкой и металлическими замками. Идеальный аксессуар для стильного образа.,"косметичка, кожаная сумка, ручная работа, Марокко, стильный аксессуар, коричневая кожа, декоративная строчка, металлические замки",
"Ты достойна высшего качества и эксклюзивности. Позволь себе аксессуар, который подчёркивает это.",makeup_zamsh,Косметичка замшевая.,"Яркое вдохновение! Эта косметичка — ваше идеальное открытие в мир уникальных аксессуаров. Ручная работа мастеров Марокко, мягкая кожа и неповторимый серо-коричневый оттенок делают каждое изделие особенным. Практичная и стильная, она гармонично дополнит любой образ и подойдет для любого возраста. Уже в России, ждет вас!",2950,1,Косметичка из замши: уникальный аксессуар из Марокко,"Откройте для себя косметичку из натуральной замши, отражающую культуру Марокко. Уникальный дизайн и высокое качество изготовления.","косметичка, замша, Марокко, аксессуар, ручное производство, уникальный дизайн, стиль, уют",
"Порадуй себя элегантной сумкой, которая будет радовать каждый день. Красота начинается с деталей.",pencilcase_black,Пенал чёрный классический. ,"Чувствуете магию? Эта черная косметичка из Марокко — настоящая находка для ценителей уникальности и стиля. Ручная работа мастеров передает тепло Севера Африки, а мягкая кожа и контрастная строчка делают её незаменимой в вашем гардеробе. Практична и универсальна, подходит к любому образу. У нас в России — готова к отправке!",2450,1,Черная кожаная косметичка из Марокко – стиль и индивидуальность,"Откройте для себя уникальную черную косметичку из Марокко, выполненную вручную. Идеальный аксессуар для любого случая.","косметичка, черная кожа, ручная работа, стильный пенал, аксессуар, марокканский дизайн, барсетка, качественные детали",
"Не жди особого случая, чтобы побаловать себя. Стиль — это выбор, который ты делаешь сегодня.",pencilcase_brown,Пенал коричневый.,"Погрузитесь в магию! Этот кожаный пенал, созданный вручную в сердце Марокко, — это не просто аксессуар, а настоящая находка. Каждое изделие уникально, словно следы на песке побережья Атлантики. Светло-коричневый цвет и этнические детали легко вписываются в любой стиль. Уже в России и готов к отправке!",2450,1,Кожаный пенал ручной работы из Марокко - уникальный аксессуар,"Откройте для себя элегантный кожаный пенал из натуральной кожи. Идеальный аксессуар для мужчин и женщин, подчеркивающий качество и стиль.","кожаный пенал, ручная работа, натуральная кожа, аксессуар, Марокко, стиль, качество, мужской кошелек, женский пенал",
Когда хочется обновления без лишних слов. Новая сумка — маленькое удовольствие с большим эффектом.,pencilcase_cherry,Пенал вишневый. ,"Уникальность в каждой строчке! Этот потрясающий кошелек из Марокко — настоящая находка для ценителей ручной работы. Каждое изделие создано с любовью, отражая яркие цвета и динамику Атлантики. Практичный и стильный, он идеально впишется в ваш гардероб, независимо от возраста и стиля. Прямо сейчас он уже в России и готов к отправке. Не упустите шанс добавить кусочек североафриканского солнца в свою жизнь!",2450,1,Кожаный пенал ручной работы из Марокко - стиль и уют,Откройте для себя коричневый кожаный пенал с текстурой и молнией. Идеальное сочетание стиля и практичности для вашего образа.,"кошелек, пенал, кожа, ручная работа, Марокко, стиль, аксессуары, уют",
"Подарок для сестры, который подчеркнёт её стиль и индивидуальность. Аксессуар, который точно пригодится.",purse_brown,Женский кошелек коричневый. Колёса Сансары.,"Сделай шаг в магию! Этот кошелёк из натуральной кожи — не просто аксессуар, это отражение самобытной культуры Марокко. Каждый шов, каждая деталь — результат кропотливого ручного труда, который оживляет теплые оттенки пустынь и энергии Атлантики. Практичный, стильный и универсальный — он станет вашим верным спутником в любых ситуациях. Уже в России и ждет, чтобы стать частью вашей истории!",3500,1,Кожаный кошелек из Марокко: стиль и качество ручной работы,Откройте для себя уникальный коричневый кошелек с резными узорами. Идеальный аксессуар для стильных образов.,"кошелек, Марокко, ручная работа, коричневый, кожаный, аксессуар, стиль, узоры, качество",
"Подарок, который подойдёт на любой возраст и стиль. Универсальная элегантность, проверенная временем.",wallet_black,Кошелек карманный. Чёрный.,"Погрузитесь в магию! Этот кожаный кошелек из Марокко, созданный вручную, наполнен духом Северной Африки. Яркие цвета и уникальные узоры передают энергетику Атлантики, а мягкая натуральная кожа дарит практичность и долговечность. Идеален для любого стиля и возраста. Он уже в России, ждет вас!",1950,1,Кожаные кошельки из Марокко: уникальный дизайн и ручная работа,,"кожаные кошельки, Марокко, ручная работа, узоры, барокко, арт-нуво, стиль, элегантность, аксессуары",
"Подарок для близкого человека — это не просто вещь. Это забота, оформленная в красивую форму.",wallet_blue,Кошелек карманный. Голубой.,"Сияй ярко, будь уникальной! Этот кошелек — не просто аксессуар, а произведение искусства, созданное с любовью марокканских мастеров. Изготовленный из натуральной кожи в завораживающем бирюзовом цвете, он передает энергетику Атлантики и дух Северной Африки. Уникальное тиснение и оригинальный треугольный клапан делают его неповторимым. Практичность в сочетании со стильным дизайном позволит вам носить его с любой одеждой, независимо от возраста. Прекрасная новость — он уже в России и готов украсить ваш образ!",1950,1,Кожаный кошелек из Марокко с уникальным тиснением,Откройте для себя элегантный кожаный кошелек из Марокко. Уникальный дизайн и высокое качество исполнения привлекают внимание.,"кожаный кошелек, Марокко, тиснение, элегантный дизайн, аксессуары, бирюзовый, компактный, ручная работа",
"Когда выбираешь подарок для семьи, важно качество и удобство. Именно поэтому хорошая сумка — всегда удачный выбор.",wallet_yellow,Кошелек карманный. Жёлтый.,"Погрузитесь в магию! Этот сумка из марокканской кожи — результат кропотливого ручного труда, каждая строчка пропитана историей и традициями. Яркие оттенки, отражающие Атлантические волны, придадут вашему образу невероятный шарм. Удобная, стильная и универсальная — она станет вашим верным спутником в любом возрасте и при любом наряде. У нас в России уже есть!",1950,1,Кожаный кошелек-клатч из Марокко: стиль и ручная работа,Изучите уникальный кожаный кошелек-клатч с тиснением. Идеальное сочетание стиля и функциональности для хранения карт и денег.,"кожаный кошелек, клатч, ручная работа, тиснение, Марокко, стиль, аксессуары, желтая кожа, орнамент",