Name;Title;Description;Price;Stock;SEO Title;SEO Description;SEO Keywords
handbag_black;Дамская сумка черная.;Погрузитесь в атмосферу Марокко с дамской сумочкой-кошельком из натуральной кожи! Изготовлена в древнем городе Фес, она объединяет традиции и качество. Доступна в черном и шоколадном цветах.;4500;1;;;сумка, купить сумку, женская сумка, женская сумочка, сумки женские, сумка через, сумка через плечо, магазин сумок, кожаные сумки, купить сумку женскую, сумки Москва, сумки 2024, сумки интернет, сумка цена, интернет магазин сумок, сумка из кожи, поясная сумка, сумки официальный, сумки каталог, купить сумку в Москву, сайт сумок, натуральные сумки, сумки официальный сайт, сумки оригинал, сумки спб, авито сумки, модные сумки, сумка фото, сумки из натуральной кожи, недорогие сумки, маленькая сумка, ручная сумка, магазин сумок купить сумку, бренды сумок, сумки женские кожаные, купить сумку через, купить кожаную сумку, большая сумка, купить сумку через плечо, сумка мечта, женская сумка кожа, купить сумку недорого, сумка на плечо, вязаные сумки, сумки купить в интернет магазине, необычные сумки, сумка черно-белая зебра, черно-белая сумка, сумка с фермуаром, фермуарная сумка, сумочка с фермуаром, сумки с фермуаром, сумка с поцелуйчиками, сумки с поцелуйчиками, сумка на фермуаре, сумка на защелке, сумка с защелкой, мягкая сумка, мягкие сумки, сумка в руку, сумка с крупной цепочкой, сумка с крупной цепью, крупная цепь на сумке, красная сумка, красная сумочка, алая сумка, сумка красного цвета, сумка алого цвета, сумка макс мара, сумка max Mara Weekend Pasticcino, сумка с цветными шарами, сумка с цветными шариками, Max Mara Weekend с разноцветными шариками, сумка из меха пони, сумка из пони, сумка из кожи пони, сумка из меха кролика рекс, сумка кролик, сумка из кролика.
handbag_chocko;Дамская сумка. Шоколад.;Откройте для себя уникальность дамской сумочки-кошелька из натуральной кожи, созданной в историческом Фесе. Этот аксессуар, доступный в черном и шоколадном вариантах, станет вашим верным спутником.;4500;1;;;
handbag_BW;Дамская сумка черная с белыми швами.;Уникальная дамская сумочка-кошелек из кожи, созданная вручную в древнем Фесе! Этот качественный аксессуар, доступный в черном и шоколадном цветах, гарантирует долговечность и стиль.;3500;1;;;
purse_brown;Женский кошелек коричневый. Колёса Сансары.;Подарите себе оригинальные кошельки из загадочного Марокко! Доступны в горчичном и темно-коричневом цветах. Каждое изделие выполнено вручную, сохраняя древние традиции. Мягкая натуральная кожа.;3500;1;;;
purse_sand;Женский кошелек. Тиснение. Дерево.;Создайте свой стиль с оригинальными кошельками из Марокко! Выберите горчичный или темно-коричневый цвет. Все изделия ручной работы с мягкой кожей и уникальными узорами. Быстрая отправка в течение 1-2 дней.;3050;1;;;
makeup_zamsh;Косметичка замшевая.;Погрузитесь в атмосферу Марокко с оригинальными кошельками! Доступны в горчичном и темно-коричневом цветах. Каждое изделие – это ручная работа с мягкой кожей, которая приятно лежит в руках. ;2800;1;;;
makeup_brown;Косметичка с двумя отсеками и ручкой (нет фото).;Откройте для себя оригинальные кошельки из Марокко! Доступны в горчичном и темно-коричневом вариантах. Каждое изделие ручной работы с уникальным дизайном и мягкой кожей. Быстрая отправка в течение 1-2 дней.;5000;1;;;
pencilcase_brown;Пенал коричневый. Косметичка.;Оригинальные кошельки из загадочного Марокко ждут вас! Доступны в горчичном и темно-коричневом цветах. Все изделия выполнены вручную, сохраняя традиции. Быстрая отправка в 1-2 дня - ваш стиль ближе, чем вы думаете.;2050;1;;;
pencilcase_cherry;Пенал вишневый. Косметичка.;Подарите себе оригинальные кошельки из Марокко! Доступны в горчичном и темно-коричневом. Каждое изделие – это ручная работа, мягкая кожа и уникальный дизайн. Быстрая отправка всего за 1-2 дня!;2050;1;;;
pencilcase_nut;Пенал ореховый. Косметичка.;Уникальные кошельки из Марокко ждут вас! Выбор из горчичного и темно-коричневого. Каждое изделие выполнено вручную с мягкой кожей и уникальными узорами. Быстрая отправка в 1-2 дня!;2050;1;;;
pencilcase_black;Пенал чёрный классический. Косметичка.;Откройте для себя загадочные кошельки из Марокко! Доступны в горчичном и темно-коричневом цветах. Каждое изделие – это ручная работа с уникальным дизайном. Быстрая отправка всего за 1-2 дня!;2050;1;;;
wallet_blue;Кошелек карманный. Голубой.;Изучите коллекцию кожаных кошельков из Марокко! Наличием радуют черный, желтый и голубой цвета. Удобный формат с множеством отсеков и ручным тиснением. Быстрая отправка в 1-2 дня!;1550;1;;;
wallet_yellow;Кошелек карманный. Жёлтый.;Кожаные кошельки из Марокко – это стиль и удобство! Выбирайте из черного, желтого или голубого. Ручное тиснение с уникальными узорами. Быстрая отправка всего за 1-2 дня!;1550;1;;;
wallet_green;Кошелек карманный. Зелёный.;Продано на момент публикации.;продано;0;;;
wallet_black;Кошелек карманный. Чёрный.;Откройте для себя стильные кожаные кошельки из Марокко! Доступны в черном, желтом и голубом цветах. Удобный размер и ручное тиснение делают их незаменимыми. Быстрая отправка за 1-2 дня!;1550;1;;;
wallet_magnetbrwn;Кошелек карманный с магнитной кнопкой. Коричневый.;Уникальные кошельки из Марокко – только один в наличии! Каждое изделие ручной работы с мягкой кожей и историей. Быстрая отправка в 1-2 дня!;3250;1;;;
ladysbag_yellow;Сумка женская кроссбоди из натуральной кожи в стиле бохо жёлтая.;Откройте для себя мини-сумку из натуральной кожи с уникальным восточным узором! Она изящна и функциональна, идеально подходит для прогулок. Быстрая доставка по России!;7500;1;;;
ladysbag_brownlaser;Сумка женская кроссбоди из натуральной кожи в стиле бохо коричневая с вырезами.;Познакомьтесь с мини-сумкой из натуральной кожи с уникальным восточным узором! Она изящна и практична: идеальна для прогулок. Каждое тиснение уникально. Быстрая доставка по России!;7500;1;;;
ladysbag_brownpress;Сумка женская кроссбоди из натуральной кожи в стиле бохо коричневая с тиснением. Шоколад.;Продано на момент публикации.;продано;0;;;
ladysbag_black;Сумка женская кроссбоди из натуральной кожи в стиле бохо черная. Дубовый лист.;Откройте для себя мини-сумку из натуральной кожи с уникальным восточным узором! Она изящна и функциональна, идеально подходит для прогулок. Быстрая доставка по России!;7500;1;;;